startDt,endDt,airlineType,koreaAirport,ap1,ap2,arr_FP,dep_FP,total_FP,dep_PERSON,arr_PERSON,arr_WEIGHT,dep_WEIGHT,total_PERSON,total_WEIGHT,al_ICAO,ap_ROUTE,year
,,,,인천 (RKSI),광저우 (ZGGG),1,0,1,0,0,0,0,0,0,JJA,ZGGG,2018
,,,,인천 (RKSI),광주 (RKJJ),0,1,1,0,0,0,0,0,0,AAR,RKJJ,2018
,,,,인천 (RKSI),김포 (RKSS),108,170,278,0,59,0,0,59,0,AAR,RKSS,2018
,,,,인천 (RKSI),김포 (RKSS),0,3,3,0,0,0,0,0,0,ABL,RKSS,2018
,,,,인천 (RKSI),김포 (RKSS),3,3,6,0,0,0,0,0,0,AIH,RKSS,2018
,,,,인천 (RKSI),김포 (RKSS),0,1,1,0,0,0,0,0,0,ANA,RKSS,2018
,,,,인천 (RKSI),김포 (RKSS),2,0,2,0,0,0,0,0,0,ASV,RKSS,2018
,,,,인천 (RKSI),김포 (RKSS),22,39,61,0,0,0,0,0,0,ESR,RKSS,2018
,,,,인천 (RKSI),김포 (RKSS),0,1,1,0,0,0,0,0,0,JAL,RKSS,2018
,,,,인천 (RKSI),김포 (RKSS),59,82,141,0,0,0,0,0,0,JJA,RKSS,2018
,,,,인천 (RKSI),김포 (RKSS),41,53,94,0,188,0,0,188,0,JNA,RKSS,2018
,,,,인천 (RKSI),김포 (RKSS),88,97,185,0,0,0,0,0,0,KAL,RKSS,2018
,,,,인천 (RKSI),김포 (RKSS),7,18,25,0,0,0,0,0,0,TWB,RKSS,2018
,,,,인천 (RKSI),김해 (RKPK),654,659,1313,41228,51209,878,712,92437,1590,AAR,RKPK,2018
,,,,인천 (RKSI),김해 (RKPK),17,17,34,0,80,0,0,80,0,ABL,RKPK,2018
,,,,인천 (RKSI),김해 (RKPK),2,2,4,0,0,0,0,0,0,ESR,RKPK,2018
,,,,인천 (RKSI),김해 (RKPK),2,6,8,0,185,0,0,185,0,JJA,RKPK,2018
,,,,인천 (RKSI),김해 (RKPK),10,11,21,0,0,0,0,0,0,JNA,RKPK,2018
,,,,인천 (RKSI),김해 (RKPK),1507,1468,2975,181619,185290,3493,3479,366909,6972,KAL,RKPK,2018
,,,,인천 (RKSI),김해 (RKPK),2,4,6,0,0,0,0,0,0,TWB,RKPK,2018
,,,,인천 (RKSI),대구 (RKTN),1,0,1,0,0,0,0,0,0,ABL,RKTN,2018
,,,,인천 (RKSI),대구 (RKTN),2,2,4,0,0,0,0,0,0,JJA,RKTN,2018
,,,,인천 (RKSI),대구 (RKTN),739,738,1477,44424,47053,893,874,91477,1767,KAL,RKTN,2018
,,,,인천 (RKSI),대구 (RKTN),2,4,6,0,0,0,0,0,0,TWB,RKTN,2018
,,,,인천 (RKSI),무안 (RKJB),20,20,40,0,0,0,0,0,0,AIH,RKJB,2018
,,,,인천 (RKSI),무안 (RKJB),37,37,74,137,263,2,0,400,2,APV,RKJB,2018
,,,,인천 (RKSI),무안 (RKJB),1,0,1,0,143,0,0,143,0,JJA,RKJB,2018
,,,,인천 (RKSI),무안 (RKJB),0,4,4,0,0,0,0,0,0,TWB,RKJB,2018
,,,,인천 (RKSI),서울 (RKSM),4,5,9,0,0,0,0,0,0,KAL,RKSM,2018
,,,,인천 (RKSI),애틀랜타 (KATL),1,0,1,0,0,59,0,0,59,KAL,KATL,2018
,,,,인천 (RKSI),양양 (RKNY),1,2,3,0,0,0,0,0,0,,RKNY,2018
,,,,인천 (RKSI),양양 (RKNY),1,1,2,0,0,0,0,0,0,AAR,RKNY,2018
,,,,인천 (RKSI),양양 (RKNY),6,6,12,0,0,0,0,0,0,ESR,RKNY,2018
,,,,인천 (RKSI),양양 (RKNY),7,8,15,19,72,2,1,91,3,KAL,RKNY,2018
,,,,인천 (RKSI),양양 (RKNY),0,2,2,0,0,0,0,0,0,TWB,RKNY,2018
,,,,인천 (RKSI),오산 (RKSO),0,2,2,0,0,0,0,0,0,KAL,RKSO,2018
,,,,인천 (RKSI),오산 (RKSO),1,0,1,0,0,0,0,0,0,PAC,RKSO,2018
,,,,인천 (RKSI),울산 (RKPU),5,0,5,0,117,0,0,117,0,JJA,RKPU,2018
,,,,인천 (RKSI),울산 (RKPU),1,0,1,0,24,0,0,24,0,KAL,RKPU,2018
,,,,인천 (RKSI),인천 (RKSI),3,3,6,0,0,0,0,0,0,AAR,RKSI,2018
,,,,인천 (RKSI),인천 (RKSI),5,5,10,0,0,0,0,0,0,ABL,RKSI,2018
,,,,인천 (RKSI),인천 (RKSI),1,1,2,0,0,0,0,0,0,AIH,RKSI,2018
,,,,인천 (RKSI),인천 (RKSI),1,1,2,0,0,0,0,0,0,ESR,RKSI,2018
,,,,인천 (RKSI),인천 (RKSI),1,0,1,0,0,0,0,0,0,JNA,RKSI,2018
,,,,인천 (RKSI),인천 (RKSI),2,1,3,0,0,0,0,0,0,KAL,RKSI,2018
,,,,인천 (RKSI),인천 (RKSI),1,1,2,0,0,0,0,0,0,TWB,RKSI,2018
,,,,인천 (RKSI),자카르타(수카르노 하타) (WIII),1,1,2,0,0,0,0,0,0,JJA,WIII,2018
,,,,인천 (RKSI),제주 (RKPC),75,15,90,246,10687,82,1,10933,83,AAR,RKPC,2018
,,,,인천 (RKSI),제주 (RKPC),3,0,3,0,355,0,0,355,0,ABL,RKPC,2018
,,,,인천 (RKSI),제주 (RKPC),0,1,1,176,0,0,1,176,1,ASV,RKPC,2018
,,,,인천 (RKSI),제주 (RKPC),20,3,23,0,2911,11,0,2911,11,ESR,RKPC,2018
,,,,인천 (RKSI),제주 (RKPC),34,1,35,0,5224,15,0,5224,15,JJA,RKPC,2018
,,,,인천 (RKSI),제주 (RKPC),23,9,32,0,3021,14,0,3021,14,JNA,RKPC,2018
,,,,인천 (RKSI),제주 (RKPC),28,14,42,0,2395,31,1,2395,32,KAL,RKPC,2018
,,,,인천 (RKSI),제주 (RKPC),19,2,21,0,2864,11,0,2864,11,TWB,RKPC,2018
,,,,인천 (RKSI),청주 (RKTU),1,1,2,0,0,0,0,0,0,AAR,RKTU,2018
,,,,인천 (RKSI),청주 (RKTU),1,0,1,0,0,0,0,0,0,ASV,RKTU,2018
,,,,인천 (RKSI),청주 (RKTU),2,7,9,0,118,0,0,118,0,ESR,RKTU,2018
,,,,인천 (RKSI),청주 (RKTU),1,2,3,0,0,0,0,0,0,JJA,RKTU,2018
,,,,인천 (RKSI),청주 (RKTU),1,0,1,0,53,0,0,53,0,KAL,RKTU,2018
,,,,인천 (RKSI),타오위안 (RCTP),1,0,1,0,0,0,0,0,0,AAR,RCTP,2018
,,,,인천 (RKSI),타이난 (RCNN),0,1,1,0,0,0,0,0,0,AIH,RCNN,2018
,,,,인천 (RKSI), (CATA),2,7,9,0,0,0,0,0,0,JJA,CATA,2019
,,,,인천 (RKSI),강릉 (RKNN),1,4,5,0,0,0,0,0,0,JJA,RKNN,2019
,,,,인천 (RKSI),광저우 (ZGGG),0,1,1,0,0,0,0,0,0,AAR,ZGGG,2019
,,,,인천 (RKSI),광주 (RKJJ),2,0,2,0,0,0,0,0,0,AAR,RKJJ,2019
,,,,인천 (RKSI),광주 (RKJJ),1,0,1,0,0,0,0,0,0,JJA,RKJJ,2019
,,,,인천 (RKSI),군산 (RKJK),1,0,1,0,0,0,0,0,0,GTI,RKJK,2019
,,,,인천 (RKSI),김포 (RKSS),98,126,224,0,0,0,0,0,0,AAR,RKSS,2019
,,,,인천 (RKSI),김포 (RKSS),1,2,3,0,0,0,0,0,0,ABL,RKSS,2019
,,,,인천 (RKSI),김포 (RKSS),2,0,2,0,0,0,0,0,0,APV,RKSS,2019
,,,,인천 (RKSI),김포 (RKSS),0,3,3,0,0,0,0,0,0,ASV,RKSS,2019
,,,,인천 (RKSI),김포 (RKSS),27,47,74,0,0,0,0,0,0,ESR,RKSS,2019
,,,,인천 (RKSI),김포 (RKSS),1,0,1,0,0,0,0,0,0,JAL,RKSS,2019
,,,,인천 (RKSI),김포 (RKSS),47,48,95,0,181,0,0,181,0,JJA,RKSS,2019
,,,,인천 (RKSI),김포 (RKSS),19,31,50,0,0,0,0,0,0,JNA,RKSS,2019
,,,,인천 (RKSI),김포 (RKSS),43,50,93,0,0,0,0,0,0,KAL,RKSS,2019
,,,,인천 (RKSI),김포 (RKSS),15,15,30,0,0,0,0,0,0,TWB,RKSS,2019
,,,,인천 (RKSI),김해 (RKPK),733,752,1485,52219,67025,1148,923,119244,2071,AAR,RKPK,2019
,,,,인천 (RKSI),김해 (RKPK),23,20,43,0,0,0,0,0,0,ABL,RKPK,2019
,,,,인천 (RKSI),김해 (RKPK),0,1,1,0,0,0,0,0,0,CES,RKPK,2019
,,,,인천 (RKSI),김해 (RKPK),7,5,12,0,0,0,0,0,0,ESR,RKPK,2019
,,,,인천 (RKSI),김해 (RKPK),8,10,18,0,0,0,0,0,0,JJA,RKPK,2019
,,,,인천 (RKSI),김해 (RKPK),12,13,25,0,0,0,0,0,0,JNA,RKPK,2019
,,,,인천 (RKSI),김해 (RKPK),1501,1486,2987,185957,191182,3694,3585,377139,7279,KAL,RKPK,2019
,,,,인천 (RKSI),김해 (RKPK),9,9,18,0,0,0,0,0,0,TWB,RKPK,2019
,,,,인천 (RKSI),다낭 (VVDN),1,0,1,0,0,0,0,0,0,KAL,VVDN,2019
,,,,인천 (RKSI),대구 (RKTN),3,2,5,0,0,0,0,0,0,JJA,RKTN,2019
,,,,인천 (RKSI),대구 (RKTN),487,488,975,40004,39664,779,802,79668,1581,KAL,RKTN,2019
,,,,인천 (RKSI),대구 (RKTN),0,2,2,0,0,0,0,0,0,TWB,RKTN,2019
,,,,인천 (RKSI),도쿄/나리타 (RJAA),0,1,1,0,0,0,0,0,0,MOL,RJAA,2019
,,,,인천 (RKSI),마닐라 (RPLL),1,1,2,0,0,0,0,0,0,KAL,RPLL,2019
,,,,인천 (RKSI),맨체스터 (EGCC),0,1,1,2,0,0,0,2,0,,EGCC,2019
,,,,인천 (RKSI),무안 (RKJB),4,4,8,18,19,0,0,37,0,APV,RKJB,2019
,,,,인천 (RKSI),무안 (RKJB),7,8,15,0,0,0,0,0,0,JJA,RKJB,2019
,,,,인천 (RKSI),무안 (RKJB),1,0,1,0,0,0,0,0,0,KAL,RKJB,2019
,,,,인천 (RKSI),무안 (RKJB),1,1,2,0,0,0,0,0,0,TWB,RKJB,2019
,,,,인천 (RKSI),비엔티안 (VLVT),0,1,1,0,0,0,0,0,0,KAL,VLVT,2019
,,,,인천 (RKSI),사천 (RKPS),1,2,3,0,0,0,0,0,0,ESR,RKPS,2019
,,,,인천 (RKSI),사천 (RKPS),0,1,1,0,0,0,0,0,0,JJA,RKPS,2019
,,,,인천 (RKSI),서울 (RKSM),1,2,3,0,0,0,0,0,0,KAL,RKSM,2019
,,,,인천 (RKSI),세부 (RPVM),1,0,1,0,0,0,0,0,0,TWB,RPVM,2019
,,,,인천 (RKSI),앵커리지 (PANC),1,0,1,0,0,0,0,0,0,KAL,PANC,2019
,,,,인천 (RKSI),오산 (RKSO),1,0,1,0,0,0,0,0,0,GTI,RKSO,2019
,,,,인천 (RKSI),인천 (RKSI),8,5,13,0,34,0,0,34,0,AAR,RKSI,2019
,,,,인천 (RKSI),인천 (RKSI),1,1,2,0,0,0,0,0,0,ABL,RKSI,2019
,,,,인천 (RKSI),인천 (RKSI),4,4,8,0,0,0,0,0,0,AIH,RKSI,2019
,,,,인천 (RKSI),인천 (RKSI),3,3,6,0,0,0,0,0,0,ESR,RKSI,2019
,,,,인천 (RKSI),인천 (RKSI),11,11,22,0,0,0,0,0,0,JJA,RKSI,2019
,,,,인천 (RKSI),인천 (RKSI),4,2,6,0,0,0,0,0,0,KAL,RKSI,2019
,,,,인천 (RKSI),제주 (RKPC),34,12,46,0,3647,26,9,3647,35,AAR,RKPC,2019
,,,,인천 (RKSI),제주 (RKPC),3,2,5,0,94,0,0,94,0,ABL,RKPC,2019
,,,,인천 (RKSI),제주 (RKPC),1,1,2,0,0,0,0,0,0,AIH,RKPC,2019
,,,,인천 (RKSI),제주 (RKPC),2,0,2,0,257,0,0,257,0,ASV,RKPC,2019
,,,,인천 (RKSI),제주 (RKPC),16,1,17,0,2048,8,0,2048,8,ESR,RKPC,2019
,,,,인천 (RKSI),제주 (RKPC),20,3,23,0,2958,12,0,2958,12,JJA,RKPC,2019
,,,,인천 (RKSI),제주 (RKPC),19,15,34,0,1627,7,0,1627,7,JNA,RKPC,2019
,,,,인천 (RKSI),제주 (RKPC),6,6,12,0,408,2,0,408,2,KAL,RKPC,2019
,,,,인천 (RKSI),제주 (RKPC),8,1,9,0,1260,5,0,1260,5,TWB,RKPC,2019
,,,,인천 (RKSI),청주 (RKTU),1,0,1,0,0,0,0,0,0,AAR,RKTU,2019
,,,,인천 (RKSI),청주 (RKTU),4,3,7,0,0,0,0,0,0,ESR,RKTU,2019
,,,,인천 (RKSI),청주 (RKTU),3,2,5,0,0,0,0,0,0,JJA,RKTU,2019
,,,,인천 (RKSI),청주 (RKTU),1,1,2,0,0,0,0,0,0,JNA,RKTU,2019
,,,,인천 (RKSI),치앙마이 (VTCC),1,0,1,0,0,0,0,0,0,KAL,VTCC,2019
,,,,인천 (RKSI),칼리보 (RPVK),1,0,1,0,0,0,0,0,0,TWB,RPVK,2019
,,,,인천 (RKSI),타이난 (RCNN),1,0,1,0,0,0,0,0,0,AAR,RCNN,2019
,,,,인천 (RKSI),타이난 (RCNN),1,0,1,0,0,0,0,0,0,ESR,RCNN,2019
,,,,인천 (RKSI),푸껫 (VTSP),1,0,1,0,0,0,0,0,0,KAL,VTSP,2019
,,,,인천 (RKSI),프랑크푸르트 (EDDF),1,0,1,0,0,0,0,0,0,KAL,EDDF,2019
,,,,인천 (RKSI),후쿠오카 (RJFF),1,0,1,0,0,0,0,0,0,AAR,RJFF,2019
,,,,인천 (RKSI), (CATA),3,5,8,0,0,0,0,0,0,AAR,CATA,2020
,,,,인천 (RKSI),강릉 (RKNN),1,0,1,0,0,0,0,0,0,ASV,RKNN,2020
,,,,인천 (RKSI),공역 (AFIL),1,1,2,0,0,0,0,0,0,AAR,AFIL,2020
,,,,인천 (RKSI),공역 (AFIL),0,2,2,0,0,0,0,0,0,ASV,AFIL,2020
,,,,인천 (RKSI),공역 (AFIL),1,1,2,0,0,0,0,0,0,TWB,AFIL,2020
,,,,인천 (RKSI),광저우 (ZGGG),0,1,1,0,0,0,0,0,0,AAR,ZGGG,2020
,,,,인천 (RKSI),광주 (RKJJ),2,0,2,0,0,0,0,0,0,JNA,RKJJ,2020
,,,,인천 (RKSI),광주 (RKJJ),4,2,6,0,0,0,0,0,0,TWB,RKJJ,2020
,,,,인천 (RKSI),김포 (RKSS),0,1,1,0,0,0,0,0,0,,RKSS,2020
,,,,인천 (RKSI),김포 (RKSS),44,57,101,0,0,0,0,0,0,AAR,RKSS,2020
,,,,인천 (RKSI),김포 (RKSS),0,7,7,0,0,0,0,0,0,ABL,RKSS,2020
,,,,인천 (RKSI),김포 (RKSS),14,18,32,0,0,0,0,0,0,ASV,RKSS,2020
,,,,인천 (RKSI),김포 (RKSS),3,6,9,0,0,0,0,0,0,ESR,RKSS,2020
,,,,인천 (RKSI),김포 (RKSS),12,16,28,0,0,0,0,0,0,JJA,RKSS,2020
,,,,인천 (RKSI),김포 (RKSS),1,10,11,0,0,0,0,0,0,JNA,RKSS,2020
,,,,인천 (RKSI),김포 (RKSS),18,23,41,0,0,0,0,0,0,KAL,RKSS,2020
,,,,인천 (RKSI),김포 (RKSS),7,10,17,0,0,0,0,0,0,TWB,RKSS,2020
,,,,인천 (RKSI),김해 (RKPK),139,139,278,9187,10903,214,174,20090,388,AAR,RKPK,2020
,,,,인천 (RKSI),김해 (RKPK),56,57,113,0,0,0,0,0,0,ABL,RKPK,2020
,,,,인천 (RKSI),김해 (RKPK),8,4,12,0,0,0,0,0,0,JJA,RKPK,2020
,,,,인천 (RKSI),김해 (RKPK),4,7,11,0,0,0,0,0,0,JNA,RKPK,2020
,,,,인천 (RKSI),김해 (RKPK),306,296,602,28549,27247,598,605,55796,1203,KAL,RKPK,2020
,,,,인천 (RKSI),김해 (RKPK),7,10,17,0,0,0,0,0,0,TWB,RKPK,2020
,,,,인천 (RKSI),다카 (VGHS),0,1,1,50,0,0,1,50,1,AAR,VGHS,2020
,,,,인천 (RKSI),대구 (RKTN),1,0,1,0,0,0,0,0,0,JJA,RKTN,2020
,,,,인천 (RKSI),대구 (RKTN),3,2,5,0,0,0,0,0,0,JNA,RKTN,2020
,,,,인천 (RKSI),대구 (RKTN),54,53,107,4374,4239,94,95,8613,189,KAL,RKTN,2020
,,,,인천 (RKSI),대구 (RKTN),10,32,42,0,0,0,0,0,0,TWB,RKTN,2020
,,,,인천 (RKSI),무안 (RKJB),4,2,6,0,0,0,0,0,0,JJA,RKJB,2020
,,,,인천 (RKSI),사천 (RKPS),2,2,4,0,0,0,0,0,0,ESR,RKPS,2020
,,,,인천 (RKSI),사천 (RKPS),1,8,9,0,0,0,0,0,0,JJA,RKPS,2020
,,,,인천 (RKSI),사천 (RKPS),1,7,8,0,0,0,0,0,0,TWB,RKPS,2020
,,,,인천 (RKSI),양양 (RKNY),2,2,4,0,0,0,0,0,0,FGW,RKNY,2020
,,,,인천 (RKSI),오산 (RKSO),1,0,1,0,0,0,0,0,0,GTI,RKSO,2020
,,,,인천 (RKSI),울산 (RKPU),0,1,1,0,0,0,0,0,0,JNA,RKPU,2020
,,,,인천 (RKSI),인천 (RKSI),84,83,167,1471,1471,0,0,2942,0,AAR,RKSI,2020
,,,,인천 (RKSI),인천 (RKSI),7,7,14,0,0,0,0,0,0,ABL,RKSI,2020
,,,,인천 (RKSI),인천 (RKSI),3,3,6,0,0,0,0,0,0,AIH,RKSI,2020
,,,,인천 (RKSI),인천 (RKSI),15,15,30,190,190,0,0,380,0,JJA,RKSI,2020
,,,,인천 (RKSI),인천 (RKSI),2,2,4,105,105,0,0,210,0,JNA,RKSI,2020
,,,,인천 (RKSI),인천 (RKSI),1,0,1,0,0,0,0,0,0,KAL,RKSI,2020
,,,,인천 (RKSI),인천 (RKSI),12,12,24,576,576,0,0,1152,0,TWB,RKSI,2020
,,,,인천 (RKSI),인천* (RKZZ),1,1,2,0,0,0,0,0,0,TWB,RKZZ,2020
,,,,인천 (RKSI),제주 (RKPC),12,6,18,0,1364,12,0,1364,12,AAR,RKPC,2020
,,,,인천 (RKSI),제주 (RKPC),5,3,8,0,252,1,0,252,1,ABL,RKPC,2020
,,,,인천 (RKSI),제주 (RKPC),3,1,4,0,132,0,0,132,0,ASV,RKPC,2020
,,,,인천 (RKSI),제주 (RKPC),3,3,6,0,183,2,0,183,2,CQH,RKPC,2020
,,,,인천 (RKSI),제주 (RKPC),2,1,3,0,196,0,0,196,0,ESR,RKPC,2020
,,,,인천 (RKSI),제주 (RKPC),3,3,6,0,344,1,0,344,1,JJA,RKPC,2020
,,,,인천 (RKSI),제주 (RKPC),7,40,47,791,710,4,2,1501,6,JNA,RKPC,2020
,,,,인천 (RKSI),제주 (RKPC),6,4,10,0,119,0,0,119,0,KAL,RKPC,2020
,,,,인천 (RKSI),제주 (RKPC),1,0,1,0,0,0,0,0,0,PAC,RKPC,2020
,,,,인천 (RKSI),제주 (RKPC),13,14,27,0,344,1,0,344,1,TWB,RKPC,2020
,,,,인천 (RKSI),청주 (RKTU),1,0,1,0,0,0,0,0,0,ASV,RKTU,2020
,,,,인천 (RKSI),청주 (RKTU),1,1,2,0,0,0,0,0,0,EOK,RKTU,2020
,,,,인천 (RKSI),청주 (RKTU),0,2,2,0,0,0,0,0,0,ESR,RKTU,2020
,,,,인천 (RKSI),청주 (RKTU),0,1,1,0,0,0,0,0,0,JNA,RKTU,2020
,,,,인천 (RKSI),청주 (RKTU),0,1,1,0,0,0,0,0,0,TWB,RKTU,2020
,,,,인천 (RKSI),훈련공역2 (CAT2),1,1,2,0,0,0,0,0,0,ABL,CAT2,2020
,,,,인천 (RKSI),훈련공역2 (CAT2),0,1,1,0,0,0,0,0,0,ASV,CAT2,2020
,,,,인천 (RKSI),공역 (AFIL),15,8,23,0,0,0,0,0,0,APZ,AFIL,2021
,,,,인천 (RKSI),김포 (RKSS),42,50,92,0,0,0,0,0,0,AAR,RKSS,2021
,,,,인천 (RKSI),김포 (RKSS),0,6,6,0,0,0,0,0,0,ABL,RKSS,2021
,,,,인천 (RKSI),김포 (RKSS),3,3,6,0,0,0,0,0,0,AIH,RKSS,2021
,,,,인천 (RKSI),김포 (RKSS),51,58,109,0,0,0,0,0,0,APZ,RKSS,2021
,,,,인천 (RKSI),김포 (RKSS),49,50,99,0,0,0,0,0,0,ASV,RKSS,2021
,,,,인천 (RKSI),김포 (RKSS),4,21,25,0,0,0,0,0,0,JJA,RKSS,2021
,,,,인천 (RKSI),김포 (RKSS),12,54,66,0,0,0,0,0,0,JNA,RKSS,2021
,,,,인천 (RKSI),김포 (RKSS),18,36,54,0,0,0,0,0,0,KAL,RKSS,2021
,,,,인천 (RKSI),김포 (RKSS),1,6,7,0,0,0,0,0,0,TWB,RKSS,2021
,,,,인천 (RKSI),김해 (RKPK),3,0,3,0,0,0,0,0,0,,RKPK,2021
,,,,인천 (RKSI),김해 (RKPK),33,32,65,0,131,0,0,131,0,ABL,RKPK,2021
,,,,인천 (RKSI),김해 (RKPK),0,1,1,0,0,0,0,0,0,JNA,RKPK,2021
,,,,인천 (RKSI),김해 (RKPK),37,19,56,0,0,0,0,0,0,KAL,RKPK,2021
,,,,인천 (RKSI),김해 (RKPK),0,1,1,39,0,0,13,39,13,QTR,RKPK,2021
,,,,인천 (RKSI),대구 (RKTN),0,1,1,0,0,0,0,0,0,JNA,RKTN,2021
,,,,인천 (RKSI),대구 (RKTN),1,50,51,0,0,0,0,0,0,TWB,RKTN,2021
,,,,인천 (RKSI),사천 (RKPS),10,13,23,0,0,0,0,0,0,JJA,RKPS,2021
,,,,인천 (RKSI),사천 (RKPS),1,3,4,0,0,0,0,0,0,TWB,RKPS,2021
,,,,인천 (RKSI),서울 (RKSM),1,2,3,0,0,0,0,0,0,KAL,RKSM,2021
,,,,인천 (RKSI),여수 (RKJY),1,0,1,0,0,0,0,0,0,JNA,RKJY,2021
,,,,인천 (RKSI),오산 (RKSO),0,1,1,0,0,0,0,0,0,GTI,RKSO,2021
,,,,인천 (RKSI),울산 (RKPU),1,1,2,47,0,0,0,47,0,KAL,RKPU,2021
,,,,인천 (RKSI),인천 (RKSI),14,14,28,0,0,0,0,0,0,AAR,RKSI,2021
,,,,인천 (RKSI),인천 (RKSI),3,3,6,0,0,0,0,0,0,AIH,RKSI,2021
,,,,인천 (RKSI),인천 (RKSI),18,17,35,0,0,0,0,0,0,APZ,RKSI,2021
,,,,인천 (RKSI),인천 (RKSI),2,2,4,0,0,0,0,0,0,ASV,RKSI,2021
,,,,인천 (RKSI),인천 (RKSI),13,13,26,77,77,0,0,154,0,JJA,RKSI,2021
,,,,인천 (RKSI),인천 (RKSI),3,3,6,0,0,0,0,0,0,JNA,RKSI,2021
,,,,인천 (RKSI),인천 (RKSI),5,4,9,0,0,0,0,0,0,KAL,RKSI,2021
,,,,인천 (RKSI),인천 (RKSI),4,4,8,128,128,0,0,256,0,TWB,RKSI,2021
,,,,인천 (RKSI),제주 (RKPC),14,3,17,0,1218,89,0,1218,89,AAR,RKPC,2021
,,,,인천 (RKSI),제주 (RKPC),6,0,6,0,623,2,0,623,2,ABL,RKPC,2021
,,,,인천 (RKSI),제주 (RKPC),7,7,14,0,0,0,0,0,0,APZ,RKPC,2021
,,,,인천 (RKSI),제주 (RKPC),4,1,5,0,574,2,0,574,2,ASV,RKPC,2021
,,,,인천 (RKSI),제주 (RKPC),10,2,12,0,1626,6,0,1626,6,JJA,RKPC,2021
,,,,인천 (RKSI),제주 (RKPC),14,58,72,515,2070,9,1,2585,10,JNA,RKPC,2021
,,,,인천 (RKSI),제주 (RKPC),6,0,6,0,994,6,0,994,6,KAL,RKPC,2021
,,,,인천 (RKSI),제주 (RKPC),6,0,6,0,971,4,0,971,4,TWB,RKPC,2021
,,,,인천 (RKSI),청주 (RKTU),0,1,1,0,0,0,0,0,0,TWB,RKTU,2021
,,,,인천 (RKSI),포항경주 (RKTH),1,0,1,0,37,0,0,37,0,JNA,RKTH,2021
,,,,인천 (RKSI),훈련공역 (ZZZZ),6,6,12,0,0,0,0,0,0,AAR,ZZZZ,2021
,,,,인천 (RKSI),훈련공역 (ZZZZ),2,3,5,0,0,0,0,0,0,ASV,ZZZZ,2021
,,,,인천 (RKSI),공역 (AFIL),3,3,6,0,0,0,0,0,0,AIH,AFIL,2022
,,,,인천 (RKSI),공역 (AFIL),1,1,2,0,0,0,0,0,0,TWB,AFIL,2022
,,,,인천 (RKSI),광주 (RKJJ),1,0,1,0,0,0,0,0,0,KAL,RKJJ,2022
,,,,인천 (RKSI),광주 (RKJJ),1,1,2,0,0,0,0,0,0,TWB,RKJJ,2022
,,,,인천 (RKSI),김포 (RKSS),50,60,110,0,0,0,0,0,0,AAR,RKSS,2022
,,,,인천 (RKSI),김포 (RKSS),5,6,11,0,0,0,0,0,0,ABL,RKSS,2022
,,,,인천 (RKSI),김포 (RKSS),34,32,66,0,0,0,0,0,0,ASV,RKSS,2022
,,,,인천 (RKSI),김포 (RKSS),0,1,1,0,0,0,0,0,0,ESR,RKSS,2022
,,,,인천 (RKSI),김포 (RKSS),1,1,2,0,0,0,0,0,0,FGW,RKSS,2022
,,,,인천 (RKSI),김포 (RKSS),7,13,20,0,0,0,0,0,0,JJA,RKSS,2022
,,,,인천 (RKSI),김포 (RKSS),45,38,83,0,0,0,0,0,0,JNA,RKSS,2022
,,,,인천 (RKSI),김포 (RKSS),55,48,103,0,0,0,0,0,0,KAL,RKSS,2022
,,,,인천 (RKSI),김포 (RKSS),28,24,52,0,0,0,0,0,0,TWB,RKSS,2022
,,,,인천 (RKSI),김해 (RKPK),38,32,70,0,0,0,0,0,0,ABL,RKPK,2022
,,,,인천 (RKSI),김해 (RKPK),2,0,2,0,167,0,0,167,0,JJA,RKPK,2022
,,,,인천 (RKSI),김해 (RKPK),5,1,6,0,180,0,0,180,0,JNA,RKPK,2022
,,,,인천 (RKSI),김해 (RKPK),231,202,433,20667,19581,438,427,40248,865,KAL,RKPK,2022
,,,,인천 (RKSI),대구 (RKTN),1,0,1,0,0,0,0,0,0,JJA,RKTN,2022
,,,,인천 (RKSI),대구 (RKTN),2,0,2,0,0,0,0,0,0,JNA,RKTN,2022
,,,,인천 (RKSI),대구 (RKTN),3,20,23,0,0,0,0,0,0,TWB,RKTN,2022
,,,,인천 (RKSI),무안 (RKJB),4,5,9,0,0,0,0,0,0,JJA,RKJB,2022
,,,,인천 (RKSI),사천 (RKPS),10,10,20,0,0,0,0,0,0,JJA,RKPS,2022
,,,,인천 (RKSI),사천 (RKPS),2,4,6,0,0,0,0,0,0,TWB,RKPS,2022
,,,,인천 (RKSI),오산 (RKSO),20,3,23,0,0,0,0,0,0,GTI,RKSO,2022
,,,,인천 (RKSI),오산 (RKSO),0,1,1,0,0,0,0,0,0,OAE,RKSO,2022
,,,,인천 (RKSI),인천 (RKSI),47,47,94,0,0,0,0,0,0,AAR,RKSI,2022
,,,,인천 (RKSI),인천 (RKSI),4,4,8,0,0,0,0,0,0,ABL,RKSI,2022
,,,,인천 (RKSI),인천 (RKSI),2,2,4,0,0,0,0,0,0,AIH,RKSI,2022
,,,,인천 (RKSI),인천 (RKSI),2,2,4,0,0,0,0,0,0,APZ,RKSI,2022
,,,,인천 (RKSI),인천 (RKSI),9,9,18,0,0,0,0,0,0,JJA,RKSI,2022
,,,,인천 (RKSI),인천 (RKSI),3,3,6,0,0,0,0,0,0,JNA,RKSI,2022
,,,,인천 (RKSI),인천 (RKSI),1,1,2,0,0,0,0,0,0,KAL,RKSI,2022
,,,,인천 (RKSI),인천 (RKSI),1,1,2,0,0,0,0,0,0,TWB,RKSI,2022
,,,,인천 (RKSI),제주 (RKPC),15,4,19,0,1563,8,0,1563,8,AAR,RKPC,2022
,,,,인천 (RKSI),제주 (RKPC),2,0,2,0,176,0,0,176,0,ABL,RKPC,2022
,,,,인천 (RKSI),제주 (RKPC),1,0,1,0,211,1,0,211,1,ASV,RKPC,2022
,,,,인천 (RKSI),제주 (RKPC),1,0,1,0,0,0,0,0,0,ESR,RKPC,2022
,,,,인천 (RKSI),제주 (RKPC),8,2,10,0,1285,5,0,1285,5,JJA,RKPC,2022
,,,,인천 (RKSI),제주 (RKPC),9,7,16,0,294,1,0,294,1,JNA,RKPC,2022
,,,,인천 (RKSI),제주 (RKPC),20,13,33,0,1366,22,0,1366,22,KAL,RKPC,2022
,,,,인천 (RKSI),제주 (RKPC),2,0,2,0,183,0,0,183,0,TWB,RKPC,2022
,,,,인천 (RKSI),청주 (RKTU),1,0,1,0,0,0,0,0,0,JJA,RKTU,2022
,,,,인천 (RKSI),타오위안 (RCTP),1,0,1,0,0,0,0,0,0,AAR,RCTP,2022
,,,,인천 (RKSI),훈련공역 (ZZZZ),12,12,24,0,0,0,0,0,0,AAR,ZZZZ,2022
,,,,인천 (RKSI),훈련공역 (ZZZZ),2,2,4,0,0,0,0,0,0,ABL,ZZZZ,2022
,,,,인천 (RKSI),공역 (AFIL),4,2,6,0,0,0,0,0,0,ABL,AFIL,2023
,,,,인천 (RKSI),공역 (AFIL),1,1,2,0,0,0,0,0,0,KAL,AFIL,2023
,,,,인천 (RKSI),공역 (AFIL),3,4,7,0,0,0,0,0,0,TWB,AFIL,2023
,,,,인천 (RKSI),광저우 (ZGGG),0,1,1,0,0,0,0,0,0,AAR,ZGGG,2023
,,,,인천 (RKSI),광저우 (ZGGG),0,1,1,0,0,0,0,0,0,ABL,ZGGG,2023
,,,,인천 (RKSI),광주 (RKJJ),0,1,1,0,0,0,0,0,0,AAR,RKJJ,2023
,,,,인천 (RKSI),광주 (RKJJ),1,0,1,0,0,0,0,0,0,JNA,RKJJ,2023
,,,,인천 (RKSI),광주 (RKJJ),2,1,3,0,188,0,0,188,0,TWB,RKJJ,2023
,,,,인천 (RKSI),김포 (RKSS),89,112,201,0,0,0,0,0,0,AAR,RKSS,2023
,,,,인천 (RKSI),김포 (RKSS),14,11,25,0,0,0,0,0,0,ABL,RKSS,2023
,,,,인천 (RKSI),김포 (RKSS),10,12,22,0,0,0,0,0,0,ASV,RKSS,2023
,,,,인천 (RKSI),김포 (RKSS),4,24,28,0,0,0,0,0,0,ESR,RKSS,2023
,,,,인천 (RKSI),김포 (RKSS),1,0,1,0,0,0,0,0,0,EZA,RKSS,2023
,,,,인천 (RKSI),김포 (RKSS),45,78,123,0,157,0,0,157,0,JJA,RKSS,2023
,,,,인천 (RKSI),김포 (RKSS),75,77,152,0,147,0,0,147,0,JNA,RKSS,2023
,,,,인천 (RKSI),김포 (RKSS),83,86,169,0,139,0,0,139,0,KAL,RKSS,2023
,,,,인천 (RKSI),김포 (RKSS),11,20,31,0,0,0,0,0,0,TWB,RKSS,2023
,,,,인천 (RKSI),김해 (RKPK),1,0,1,0,0,0,0,0,0,,RKPK,2023
,,,,인천 (RKSI),김해 (RKPK),33,38,71,0,147,1,0,147,1,ABL,RKPK,2023
,,,,인천 (RKSI),김해 (RKPK),14,24,38,0,128,0,0,128,0,JJA,RKPK,2023
,,,,인천 (RKSI),김해 (RKPK),12,17,29,0,0,0,0,0,0,JNA,RKPK,2023
,,,,인천 (RKSI),김해 (RKPK),1333,1319,2652,156647,156726,3195,3084,313373,6279,KAL,RKPK,2023
,,,,인천 (RKSI),김해 (RKPK),1,1,2,0,0,0,0,0,0,TWB,RKPK,2023
,,,,인천 (RKSI),김해 (RKPK),0,1,1,0,0,0,0,0,0,VJC,RKPK,2023
,,,,인천 (RKSI),대구 (RKTN),1,0,1,0,0,0,0,0,0,AAR,RKTN,2023
,,,,인천 (RKSI),대구 (RKTN),2,3,5,0,0,0,0,0,0,JNA,RKTN,2023
,,,,인천 (RKSI),대구 (RKTN),241,242,483,14005,14453,286,280,28458,566,KAL,RKTN,2023
,,,,인천 (RKSI),대구 (RKTN),3,2,5,0,0,0,0,0,0,TWB,RKTN,2023
,,,,인천 (RKSI),무안 (RKJB),17,15,32,0,0,0,0,0,0,JJA,RKJB,2023
,,,,인천 (RKSI),사천 (RKPS),0,2,2,0,0,0,0,0,0,,RKPS,2023
,,,,인천 (RKSI),사천 (RKPS),1,1,2,0,0,0,0,0,0,AIH,RKPS,2023
,,,,인천 (RKSI),사천 (RKPS),9,9,18,0,0,0,0,0,0,JJA,RKPS,2023
,,,,인천 (RKSI),사천 (RKPS),5,5,10,0,0,0,0,0,0,TWB,RKPS,2023
,,,,인천 (RKSI),서울 (RKSM),2,0,2,0,0,0,0,0,0,,RKSM,2023
,,,,인천 (RKSI),양양 (RKNY),1,1,2,0,0,0,0,0,0,FGW,RKNY,2023
,,,,인천 (RKSI),오산 (RKSO),33,29,62,0,0,0,0,0,0,GTI,RKSO,2023
,,,,인천 (RKSI),오산 (RKSO),4,22,26,0,0,0,0,0,0,WGN,RKSO,2023
,,,,인천 (RKSI),울산 (RKPU),0,2,2,0,0,0,0,0,0,,RKPU,2023
,,,,인천 (RKSI),인천 (RKSI),1,1,2,0,0,0,0,0,0,AAR,RKSI,2023
,,,,인천 (RKSI),인천 (RKSI),1,1,2,0,0,0,0,0,0,ABL,RKSI,2023
,,,,인천 (RKSI),인천 (RKSI),3,3,6,0,0,0,0,0,0,APZ,RKSI,2023
,,,,인천 (RKSI),인천 (RKSI),1,1,2,0,0,0,0,0,0,GTI,RKSI,2023
,,,,인천 (RKSI),인천 (RKSI),7,6,13,0,0,0,0,0,0,JJA,RKSI,2023
,,,,인천 (RKSI),인천 (RKSI),1,1,2,0,0,0,0,0,0,JNA,RKSI,2023
,,,,인천 (RKSI),인천 (RKSI),3,2,5,0,0,0,0,0,0,KAL,RKSI,2023
,,,,인천 (RKSI),인천 (RKSI),1,1,2,0,0,0,0,0,0,TWB,RKSI,2023
,,,,인천 (RKSI),제주 (RKPC),32,10,42,0,3868,19,0,3868,19,AAR,RKPC,2023
,,,,인천 (RKSI),제주 (RKPC),2,0,2,0,294,0,0,294,0,ABL,RKPC,2023
,,,,인천 (RKSI),제주 (RKPC),3,0,3,0,565,2,0,565,2,ASV,RKPC,2023
,,,,인천 (RKSI),제주 (RKPC),25,0,25,0,3484,13,0,3484,13,ESR,RKPC,2023
,,,,인천 (RKSI),제주 (RKPC),49,12,61,0,6225,26,0,6225,26,JJA,RKPC,2023
,,,,인천 (RKSI),제주 (RKPC),24,15,39,0,2002,8,0,2002,8,JNA,RKPC,2023
,,,,인천 (RKSI),제주 (RKPC),23,18,41,0,2328,11,0,2328,11,KAL,RKPC,2023
,,,,인천 (RKSI),제주 (RKPC),15,6,21,0,2108,9,0,2108,9,TWB,RKPC,2023
,,,,인천 (RKSI),청주 (RKTU),1,0,1,0,0,0,0,0,0,AAR,RKTU,2023
,,,,인천 (RKSI),청주 (RKTU),0,1,1,0,0,0,0,0,0,EOK,RKTU,2023
,,,,인천 (RKSI),청주 (RKTU),0,1,1,0,0,0,0,0,0,ESR,RKTU,2023
,,,,인천 (RKSI),청주 (RKTU),0,1,1,0,0,0,0,0,0,KAL,RKTU,2023
,,,,인천 (RKSI),청주 (RKTU),5,4,9,0,0,0,0,0,0,TWB,RKTU,2023
,,,,인천 (RKSI),타오위안 (RCTP),2,0,2,0,0,0,0,0,0,AAR,RCTP,2023
,,,,인천 (RKSI),타이난 (RCNN),0,1,1,0,0,0,0,0,0,JJA,RCNN,2023
,,,,인천 (RKSI),타이난 (RCNN),0,1,1,0,0,0,0,0,0,TWB,RCNN,2023
,,,,인천 (RKSI),훈련공역 (ZZZZ),1,1,2,0,0,0,0,0,0,AAR,ZZZZ,2023
,,,,인천 (RKSI),공역 (AFIL),2,2,4,0,0,0,0,0,0,AAR,AFIL,2024
,,,,인천 (RKSI),공역 (AFIL),2,3,5,0,0,0,0,0,0,ABL,AFIL,2024
,,,,인천 (RKSI),공역 (AFIL),1,1,2,0,0,0,0,0,0,EOK,AFIL,2024
,,,,인천 (RKSI),공역 (AFIL),3,3,6,0,0,0,0,0,0,ESR,AFIL,2024
,,,,인천 (RKSI),공역 (AFIL),1,1,2,0,0,0,0,0,0,JJA,AFIL,2024
,,,,인천 (RKSI),공역 (AFIL),1,1,2,0,0,0,0,0,0,KAL,AFIL,2024
,,,,인천 (RKSI),광저우 (ZGGG),0,1,1,0,0,0,0,0,0,ABL,ZGGG,2024
,,,,인천 (RKSI),광주 (RKJJ),2,0,2,0,0,0,0,0,0,AAR,RKJJ,2024
,,,,인천 (RKSI),광주 (RKJJ),1,2,3,0,0,0,0,0,0,TWB,RKJJ,2024
,,,,인천 (RKSI),군산 (RKJK),1,4,5,0,0,0,0,0,0,GTI,RKJK,2024
,,,,인천 (RKSI),군산 (RKJK),0,1,1,0,0,0,0,0,0,JNA,RKJK,2024
,,,,인천 (RKSI),김포 (RKSS),86,115,201,0,0,0,0,0,0,AAR,RKSS,2024
,,,,인천 (RKSI),김포 (RKSS),4,5,9,0,0,0,0,0,0,ABL,RKSS,2024
,,,,인천 (RKSI),김포 (RKSS),10,11,21,0,0,0,0,0,0,ASV,RKSS,2024
,,,,인천 (RKSI),김포 (RKSS),41,62,103,0,176,0,0,176,0,ESR,RKSS,2024
,,,,인천 (RKSI),김포 (RKSS),27,68,95,0,0,0,0,0,0,JJA,RKSS,2024
,,,,인천 (RKSI),김포 (RKSS),77,76,153,0,0,0,0,0,0,JNA,RKSS,2024
,,,,인천 (RKSI),김포 (RKSS),1,0,1,0,0,0,0,0,0,JST,RKSS,2024
,,,,인천 (RKSI),김포 (RKSS),103,118,221,0,0,0,0,0,0,KAL,RKSS,2024
,,,,인천 (RKSI),김포 (RKSS),44,38,82,0,0,0,0,0,0,TWB,RKSS,2024
,,,,인천 (RKSI),김해 (RKPK),0,3,3,0,0,0,0,0,0,,RKPK,2024
,,,,인천 (RKSI),김해 (RKPK),37,45,82,0,0,0,0,0,0,ABL,RKPK,2024
,,,,인천 (RKSI),김해 (RKPK),1,0,1,0,0,0,0,0,0,ARG,RKPK,2024
,,,,인천 (RKSI),김해 (RKPK),0,2,2,0,0,0,0,0,0,ESR,RKPK,2024
,,,,인천 (RKSI),김해 (RKPK),13,14,27,0,69,0,0,69,0,JJA,RKPK,2024
,,,,인천 (RKSI),김해 (RKPK),13,17,30,0,0,0,0,0,0,JNA,RKPK,2024
,,,,인천 (RKSI),김해 (RKPK),1878,1845,3723,200709,206805,4120,3978,407514,8098,KAL,RKPK,2024
,,,,인천 (RKSI),김해 (RKPK),2,1,3,0,0,0,0,0,0,TWB,RKPK,2024
,,,,인천 (RKSI),대구 (RKTN),1,1,2,0,0,0,0,0,0,JJA,RKTN,2024
,,,,인천 (RKSI),대구 (RKTN),1,2,3,0,0,0,0,0,0,JNA,RKTN,2024
,,,,인천 (RKSI),대구 (RKTN),367,367,734,27023,27161,548,550,54184,1098,KAL,RKTN,2024
,,,,인천 (RKSI),대구 (RKTN),7,9,16,0,0,0,0,0,0,TWB,RKTN,2024
,,,,인천 (RKSI),무안 (RKJB),12,13,25,0,0,0,0,0,0,JJA,RKJB,2024
,,,,인천 (RKSI),무안 (RKJB),0,1,1,0,0,0,0,0,0,JNA,RKJB,2024
,,,,인천 (RKSI),무안 (RKJB),0,1,1,0,0,0,0,0,0,VJC,RKJB,2024
,,,,인천 (RKSI),사천 (RKPS),1,1,2,0,0,0,0,0,0,AIH,RKPS,2024
,,,,인천 (RKSI),사천 (RKPS),10,12,22,0,0,0,0,0,0,JJA,RKPS,2024
,,,,인천 (RKSI),사천 (RKPS),5,5,10,0,0,0,0,0,0,TWB,RKPS,2024
,,,,인천 (RKSI),오산 (RKSO),17,8,25,0,0,0,0,0,0,GTI,RKSO,2024
,,,,인천 (RKSI),오산 (RKSO),2,1,3,0,0,0,0,0,0,KAL,RKSO,2024
,,,,인천 (RKSI),오산 (RKSO),0,1,1,0,0,0,0,0,0,OAE,RKSO,2024
,,,,인천 (RKSI),오산 (RKSO),0,4,4,0,0,0,0,0,0,WGN,RKSO,2024
,,,,인천 (RKSI),인천 (RKSI),3,2,5,0,0,0,0,0,0,AAR,RKSI,2024
,,,,인천 (RKSI),인천 (RKSI),1,1,2,0,0,0,0,0,0,AIH,RKSI,2024
,,,,인천 (RKSI),인천 (RKSI),2,2,4,0,0,0,0,0,0,APZ,RKSI,2024
,,,,인천 (RKSI),인천 (RKSI),1,1,2,0,0,0,0,0,0,ESR,RKSI,2024
,,,,인천 (RKSI),인천 (RKSI),1,0,1,0,0,0,0,0,0,GTI,RKSI,2024
,,,,인천 (RKSI),인천 (RKSI),1,0,1,0,0,0,0,0,0,KAL,RKSI,2024
,,,,인천 (RKSI),인천 (RKSI),1,1,2,0,0,0,0,0,0,TWB,RKSI,2024
,,,,인천 (RKSI),제주 (RKPC),28,10,38,0,3408,22,0,3408,22,AAR,RKPC,2024
,,,,인천 (RKSI),제주 (RKPC),2,1,3,0,257,1,0,257,1,ABL,RKPC,2024
,,,,인천 (RKSI),제주 (RKPC),2,1,3,0,202,0,0,202,0,ASV,RKPC,2024
,,,,인천 (RKSI),제주 (RKPC),1,0,1,0,166,0,0,166,0,EOK,RKPC,2024
,,,,인천 (RKSI),제주 (RKPC),34,2,36,0,4987,24,0,4987,24,ESR,RKPC,2024
,,,,인천 (RKSI),제주 (RKPC),54,5,59,0,7290,37,0,7290,37,JJA,RKPC,2024
,,,,인천 (RKSI),제주 (RKPC),27,16,43,0,2459,11,0,2459,11,JNA,RKPC,2024
,,,,인천 (RKSI),제주 (RKPC),24,16,40,0,2021,12,0,2021,12,KAL,RKPC,2024
,,,,인천 (RKSI),제주 (RKPC),19,8,27,0,2703,12,0,2703,12,TWB,RKPC,2024
,,,,인천 (RKSI),지난 (ZSJN),0,2,2,0,0,0,0,0,0,JJA,ZSJN,2024
,,,,인천 (RKSI),청주 (RKTU),0,1,1,0,0,0,0,0,0,AAR,RKTU,2024
,,,,인천 (RKSI),청주 (RKTU),3,2,5,0,0,0,0,0,0,EOK,RKTU,2024
,,,,인천 (RKSI),청주 (RKTU),7,12,19,0,0,0,0,0,0,ESR,RKTU,2024
,,,,인천 (RKSI),청주 (RKTU),0,1,1,0,0,0,0,0,0,JJA,RKTU,2024
,,,,인천 (RKSI),청주 (RKTU),2,4,6,0,0,0,0,0,0,JNA,RKTU,2024
,,,,인천 (RKSI),청주 (RKTU),6,5,11,0,0,0,0,0,0,TWB,RKTU,2024
,,,,인천 (RKSI),쿤밍 (ZPPP),0,1,1,0,0,0,0,0,0,TWB,ZPPP,2024
,,,,인천 (RKSI),포항경주 (RKTH),2,0,2,0,196,1,0,196,1,JNA,RKTH,2024
,,,,인천 (RKSI),훈련공역 (ZZZZ),2,2,4,0,0,0,0,0,0,AAR,ZZZZ,2024
,,,,인천 (RKSI),공역 (AFIL),3,3,6,0,0,0,0,0,0,ABL,AFIL,2025
,,,,인천 (RKSI),공역 (AFIL),2,2,4,0,0,0,0,0,0,AIH,AFIL,2025
,,,,인천 (RKSI),공역 (AFIL),1,1,2,0,0,0,0,0,0,EOK,AFIL,2025
,,,,인천 (RKSI),공역 (AFIL),2,3,5,0,0,0,0,0,0,KAL,AFIL,2025
,,,,인천 (RKSI),광주 (RKJJ),1,0,1,0,0,0,0,0,0,AAR,RKJJ,2025
,,,,인천 (RKSI),광주 (RKJJ),1,0,1,0,0,0,0,0,0,TWB,RKJJ,2025
,,,,인천 (RKSI),군산 (RKJK),0,1,1,0,0,0,0,0,0,GTI,RKJK,2025
,,,,인천 (RKSI),김포 (RKSS),0,1,1,0,0,0,0,0,0,,RKSS,2025
,,,,인천 (RKSI),김포 (RKSS),88,115,203,0,0,0,0,0,0,AAR,RKSS,2025
,,,,인천 (RKSI),김포 (RKSS),9,11,20,0,0,0,0,0,0,ABL,RKSS,2025
,,,,인천 (RKSI),김포 (RKSS),10,12,22,0,0,0,0,0,0,ASV,RKSS,2025
,,,,인천 (RKSI),김포 (RKSS),31,47,78,0,0,0,0,0,0,ESR,RKSS,2025
,,,,인천 (RKSI),김포 (RKSS),29,62,91,0,0,0,0,0,0,JJA,RKSS,2025
,,,,인천 (RKSI),김포 (RKSS),48,62,110,0,0,0,0,0,0,JNA,RKSS,2025
,,,,인천 (RKSI),김포 (RKSS),112,125,237,0,0,0,0,0,0,KAL,RKSS,2025
,,,,인천 (RKSI),김포 (RKSS),93,81,174,0,0,0,0,0,0,PTA,RKSS,2025
,,,,인천 (RKSI),김포 (RKSS),29,24,53,0,0,0,0,0,0,TWB,RKSS,2025
,,,,인천 (RKSI),김해 (RKPK),1,1,2,0,0,0,0,0,0,AAR,RKPK,2025
,,,,인천 (RKSI),김해 (RKPK),57,59,116,0,170,0,0,170,0,ABL,RKPK,2025
,,,,인천 (RKSI),김해 (RKPK),2,2,4,0,0,0,0,0,0,AIH,RKPK,2025
,,,,인천 (RKSI),김해 (RKPK),0,1,1,0,0,0,0,0,0,CAL,RKPK,2025
,,,,인천 (RKSI),김해 (RKPK),1,2,3,0,48,0,0,48,0,ESR,RKPK,2025
,,,,인천 (RKSI),김해 (RKPK),0,1,1,24,0,0,0,24,0,FAC,RKPK,2025
,,,,인천 (RKSI),김해 (RKPK),7,9,16,0,0,0,0,0,0,JJA,RKPK,2025
,,,,인천 (RKSI),김해 (RKPK),20,19,39,0,0,0,0,0,0,JNA,RKPK,2025
,,,,인천 (RKSI),김해 (RKPK),1971,1949,3920,219766,221059,4419,4374,440825,8793,KAL,RKPK,2025
,,,,인천 (RKSI),김해 (RKPK),4,4,8,0,0,0,0,0,0,TWB,RKPK,2025
,,,,인천 (RKSI),대구 (RKTN),1,3,4,0,0,0,0,0,0,JNA,RKTN,2025
,,,,인천 (RKSI),대구 (RKTN),366,365,731,27952,27908,567,581,55860,1148,KAL,RKTN,2025
,,,,인천 (RKSI),대구 (RKTN),6,9,15,0,0,0,0,0,0,TWB,RKTN,2025
,,,,인천 (RKSI),사천 (RKPS),1,1,2,0,0,0,0,0,0,AIH,RKPS,2025
,,,,인천 (RKSI),사천 (RKPS),6,6,12,0,0,0,0,0,0,JJA,RKPS,2025
,,,,인천 (RKSI),사천 (RKPS),1,1,2,0,0,0,0,0,0,TWB,RKPS,2025
,,,,인천 (RKSI),양양 (RKNY),7,7,14,0,0,0,0,0,0,JNA,RKNY,2025
,,,,인천 (RKSI),양양 (RKNY),6,4,10,0,0,0,0,0,0,PTA,RKNY,2025
,,,,인천 (RKSI),양양 (RKNY),16,15,31,0,0,0,0,0,0,TWB,RKNY,2025
,,,,인천 (RKSI),여수 (RKJY),1,1,2,0,0,0,0,0,0,AAR,RKJY,2025
,,,,인천 (RKSI),여수 (RKJY),1,0,1,0,0,0,0,0,0,JNA,RKJY,2025
,,,,인천 (RKSI),오산 (RKSO),10,25,35,0,0,0,0,0,0,GTI,RKSO,2025
,,,,인천 (RKSI),원주 (RKNW),1,0,1,0,0,0,0,0,0,JNA,RKNW,2025
,,,,인천 (RKSI),인천 (RKSI),5,5,10,0,0,0,0,0,0,APZ,RKSI,2025
,,,,인천 (RKSI),인천 (RKSI),2,2,4,0,0,0,0,0,0,JJA,RKSI,2025
,,,,인천 (RKSI),인천 (RKSI),1,1,2,0,0,0,0,0,0,JNA,RKSI,2025
,,,,인천 (RKSI),인천 (RKSI),1,1,2,0,0,0,0,0,0,KAL,RKSI,2025
,,,,인천 (RKSI),인천 (RKSI),1,1,2,0,0,0,0,0,0,NCR,RKSI,2025
,,,,인천 (RKSI),인천 (RKSI),2,2,4,0,0,0,0,0,0,PTA,RKSI,2025
,,,,인천 (RKSI),인천 (RKSI),3,3,6,0,0,0,0,0,0,TWB,RKSI,2025
,,,,인천 (RKSI),제주 (RKPC),21,11,32,0,1525,8,0,1525,8,AAR,RKPC,2025
,,,,인천 (RKSI),제주 (RKPC),2,0,2,0,151,0,0,151,0,ABL,RKPC,2025
,,,,인천 (RKSI),제주 (RKPC),24,24,48,0,0,0,0,0,0,AIH,RKPC,2025
,,,,인천 (RKSI),제주 (RKPC),2,0,2,0,383,1,0,383,1,ASV,RKPC,2025
,,,,인천 (RKSI),제주 (RKPC),20,4,24,0,1730,8,0,1730,8,ESR,RKPC,2025
,,,,인천 (RKSI),제주 (RKPC),41,6,47,0,4507,18,0,4507,18,JJA,RKPC,2025
,,,,인천 (RKSI),제주 (RKPC),29,22,51,0,1054,5,0,1054,5,JNA,RKPC,2025
,,,,인천 (RKSI),제주 (RKPC),21,12,33,0,486,2,0,486,2,KAL,RKPC,2025
,,,,인천 (RKSI),제주 (RKPC),1,1,2,0,0,0,0,0,0,PTA,RKPC,2025
,,,,인천 (RKSI),제주 (RKPC),9,5,14,0,657,3,0,657,3,TWB,RKPC,2025
,,,,인천 (RKSI),제주 (RKPC),0,1,1,0,0,0,0,0,0,VJC,RKPC,2025
,,,,인천 (RKSI),청주 (RKTU),8,24,32,0,0,0,0,0,0,EOK,RKTU,2025
,,,,인천 (RKSI),청주 (RKTU),16,16,32,0,0,0,0,0,0,ESR,RKTU,2025
,,,,인천 (RKSI),청주 (RKTU),0,1,1,0,0,0,0,0,0,JNA,RKTU,2025
,,,,인천 (RKSI),청주 (RKTU),5,8,13,0,0,0,0,0,0,TWB,RKTU,2025
,,,,인천 (RKSI),포항경주 (RKTH),3,0,3,0,158,0,0,158,0,JNA,RKTH,2025
,,,,인천 (RKSI),훈련공역 (ZZZZ),1,1,2,0,0,0,0,0,0,AAR,ZZZZ,2025
